{
    "width": 640,
    "height": 480,
    "fx": 603.3135986328125,
    "fy": 602.660888671875,
    "ppx": 328.4873962402344,
    "ppy": 249.27423095703125,
    "model": "distortion.inverse_brown_conrady",
    "coeffs": [
        0.0,
        0.0,
        0.0,
        0.0,
        0.0
    ],
    "depth_scale": 0.0010000000474974513
}